{
	"format_version": "1.12.0",
	"minecraft:geometry": [
		{
			"description": {
				"identifier": "geometry.unknown",
				"texture_width": 64,
				"texture_height": 64,
				"visible_bounds_width": 4,
				"visible_bounds_height": 2.5,
				"visible_bounds_offset": [0, 0.75, 0]
			},
			"bones": [
				{
					"name": "main",
					"pivot": [0, 5, 0]
				},
				{
					"name": "head",
					"parent": "main",
					"pivot": [0, 10, 0],
					"rotation": [5, 0, 0],
					"cubes": [
						{"origin": [-3, 8, -8], "size": [6, 5, 8], "uv": [0, 51]}
					]
				},
				{
					"name": "jaw",
					"parent": "head",
					"pivot": [0, 9, 0],
					"rotation": [2.5, 0, 0],
					"cubes": [
						{"origin": [-3, 7, -8], "size": [6, 1, 8], "uv": [0, 42]}
					]
				},
				{
					"name": "body",
					"parent": "main",
					"pivot": [0, 5, 0],
					"cubes": [
						{"origin": [-4, 6, -4], "size": [8, 8, 8], "uv": [32, 48]}
					]
				},
				{
					"name": "mid",
					"parent": "body",
					"pivot": [0, 10, 1],
					"rotation": [-5, 0, 0],
					"cubes": [
						{"origin": [-3, 7, 1], "size": [6, 6, 10], "uv": [0, 22]}
					]
				},
				{
					"name": "tail",
					"parent": "mid",
					"pivot": [0, 10, 10],
					"rotation": [-7.5, 0, 0],
					"cubes": [
						{"origin": [-2, 8, 10], "size": [4, 4, 6], "uv": [20, 38]}
					]
				},
				{
					"name": "tip",
					"parent": "tail",
					"pivot": [0, 10, 15],
					"rotation": [-10, 0, 0],
					"cubes": [
						{"origin": [-1, 9, 15], "size": [2, 2, 6], "uv": [22, 48]}
					]
				},
				{
					"name": "FLleg",
					"parent": "body",
					"pivot": [3, 8, -2],
					"rotation": [0, 10, 12.5],
					"cubes": [
						{"origin": [3, 6.5, -3.5], "size": [8, 3, 3], "uv": [0, 16]}
					]
				},
				{
					"name": "shin",
					"parent": "FLleg",
					"pivot": [10, 8, -2],
					"rotation": [0, 0, 27.5],
					"cubes": [
						{"origin": [10, 7, -3], "size": [9, 2, 2], "uv": [40, 44]}
					]
				},
				{
					"name": "BLleg",
					"parent": "body",
					"pivot": [3, 8, 2],
					"rotation": [0, -10, 12.5],
					"cubes": [
						{"origin": [3, 6.5, 0.5], "size": [8, 3, 3], "uv": [0, 16]}
					]
				},
				{
					"name": "shin2",
					"parent": "BLleg",
					"pivot": [10, 8, 2],
					"rotation": [0, 0, 27.5],
					"cubes": [
						{"origin": [10, 7, 1], "size": [9, 2, 2], "uv": [40, 44]}
					]
				},
				{
					"name": "FRleg",
					"parent": "body",
					"pivot": [-3, 8, -2],
					"rotation": [0, 170, -12.5],
					"cubes": [
						{"origin": [-3, 6.5, -3.5], "size": [8, 3, 3], "uv": [0, 16]}
					]
				},
				{
					"name": "shin3",
					"parent": "FRleg",
					"pivot": [4, 8, -2],
					"rotation": [0, 0, 27.5],
					"cubes": [
						{"origin": [4, 7, -3], "size": [9, 2, 2], "uv": [40, 44]}
					]
				},
				{
					"name": "BRleg",
					"parent": "body",
					"pivot": [-3, 8, 2],
					"rotation": [0, -170, -12.5],
					"cubes": [
						{"origin": [-3, 6.5, 0.5], "size": [8, 3, 3], "uv": [0, 16]}
					]
				},
				{
					"name": "shin4",
					"parent": "BRleg",
					"pivot": [4, 8, 2],
					"rotation": [0, 0, 27.5],
					"cubes": [
						{"origin": [4, 7, 1], "size": [9, 2, 2], "uv": [40, 44]}
					]
				}
			]
		}
	]
}