{
	"format_version": "1.8.0",
	"animations": {
		"animation.juror.idle": {
			"loop": true,
			"animation_length": 2,
			"bones": {
				"mid": {
					"rotation": {
						"0.0": {
							"vector": [0, 0, 0]
						},
						"0.5": {
							"vector": [-2.5, -5, 0]
						},
						"1.0": {
							"vector": [-5, 0, 0]
						},
						"1.5": {
							"vector": [-2.5, 5, 0]
						},
						"2.0": {
							"vector": [0, 0, 0]
						}
					}
				},
				"jaw": {
					"rotation": {
						"0.0": {
							"vector": [0, 0, 0]
						},
						"1.0": {
							"vector": [5, 0, 0]
						},
						"2.0": {
							"vector": [0, 0, 0]
						}
					}
				},
				"head": {
					"rotation": {
						"0.0": {
							"vector": [0, 0, 0]
						},
						"1.0": {
							"vector": [5, 0, 0]
						},
						"2.0": {
							"vector": [0, 0, 0]
						}
					}
				},
				"tail": {
					"rotation": {
						"0.0": {
							"vector": [0, 0, 0]
						},
						"0.5": {
							"vector": [2.5, -5, 0]
						},
						"1.0": {
							"vector": [5, 0, 0]
						},
						"1.5": {
							"vector": [-2.5, 5, 0]
						},
						"2.0": {
							"vector": [0, 0, 0]
						}
					}
				},
				"tip": {
					"rotation": {
						"0.0": {
							"vector": [0, 0, 0]
						},
						"0.5": {
							"vector": [5, -5, 0]
						},
						"1.0": {
							"vector": [10, 0, 0]
						},
						"1.5": {
							"vector": [5, 5, 0]
						},
						"2.0": {
							"vector": [0, 0, 0]
						}
					}
				}
			}
		},
		"animation.juror.walk": {
			"loop": true,
			"animation_length": 1.04167,
			"anim_time_update": "1",
			"bones": {
				"FLleg": {
					"rotation": {
						"0.0": {
							"vector": [0, 0, 0]
						},
						"0.25": {
							"vector": [0, -10, -5]
						},
						"0.5": {
							"vector": [0, 0, 0]
						},
						"0.75": {
							"vector": [0, 10, 5]
						},
						"1.0": {
							"vector": [0, 0, 0]
						}
					}
				},
				"shin": {
					"rotation": {
						"0.0": {
							"vector": [0, 0, 0]
						},
						"0.25": {
							"vector": [0, 0, 12.5]
						},
						"0.5": {
							"vector": [0, 0, 0]
						},
						"0.75": {
							"vector": [0, 0, -12.5]
						},
						"1.0": {
							"vector": [0, 0, 0]
						}
					}
				},
				"BLleg": {
					"rotation": {
						"0.0": {
							"vector": [0, 0, 0]
						},
						"0.25": {
							"vector": [0, 10, 5]
						},
						"0.5": {
							"vector": [0, 0, 0]
						},
						"0.75": {
							"vector": [0, -10, -5]
						},
						"1.0": {
							"vector": [0, 0, 0]
						}
					}
				},
				"shin2": {
					"rotation": {
						"0.0": {
							"vector": [0, 0, 0]
						},
						"0.25": {
							"vector": [0, 0, -12.5]
						},
						"0.5": {
							"vector": [0, 0, 0]
						},
						"0.75": {
							"vector": [0, 0, 12.5]
						},
						"1.0": {
							"vector": [0, 0, 0]
						}
					}
				},
				"FRleg": {
					"rotation": {
						"0.0": {
							"vector": [0, 0, 0]
						},
						"0.25": {
							"vector": [0, 10, -5]
						},
						"0.5": {
							"vector": [0, 0, 0]
						},
						"0.75": {
							"vector": [0, -10, 5]
						},
						"1.0": {
							"vector": [0, 0, 0]
						}
					}
				},
				"shin3": {
					"rotation": {
						"0.0": {
							"vector": [0, 0, 0]
						},
						"0.25": {
							"vector": [0, 0, -12.5]
						},
						"0.5": {
							"vector": [0, 0, 0]
						},
						"0.75": {
							"vector": [0, 0, 12.5]
						},
						"1.0": {
							"vector": [0, 0, 0]
						}
					}
				},
				"BRleg": {
					"rotation": {
						"0.0": {
							"vector": [0, 0, 0]
						},
						"0.25": {
							"vector": [0, -10, 5]
						},
						"0.5": {
							"vector": [0, 0, 0]
						},
						"0.75": {
							"vector": [0, 10, -5]
						},
						"1.0": {
							"vector": [0, 0, 0]
						}
					}
				},
				"shin4": {
					"rotation": {
						"0.0": {
							"vector": [0, 0, 0]
						},
						"0.25": {
							"vector": [0, 0, 12.5]
						},
						"0.5": {
							"vector": [0, 0, 0]
						},
						"0.75": {
							"vector": [0, 0, -12.5]
						},
						"1.0": {
							"vector": [0, 0, 0]
						}
					}
				}
			}
		}
	},
	"geckolib_format_version": 2
}