{
	"format_version": "1.12.0",
	"minecraft:geometry": [
		{
			"description": {
				"identifier": "geometry.unknown",
				"texture_width": 32,
				"texture_height": 32,
				"visible_bounds_width": 2,
				"visible_bounds_height": 1.5,
				"visible_bounds_offset": [0, 0.25, 0]
			},
			"bones": [
				{
					"name": "head",
					"pivot": [0, 0, 0]
				},
				{
					"name": "body",
					"parent": "head",
					"pivot": [0, 0, 0],
					"cubes": [
						{"origin": [-3, 0.8, -4], "size": [6, 4, 6], "uv": [8, 22]}
					]
				},
				{
					"name": "middle",
					"parent": "body",
					"pivot": [0, 2.12569, 0.99239],
					"cubes": [
						{"origin": [-2, 0.8, 1], "size": [4, 3, 4], "pivot": [0, 2.3, 1], "rotation": [-5, 0, 0], "uv": [0, 0]}
					]
				},
				{
					"name": "flop",
					"parent": "middle",
					"pivot": [0, 2.3, 1],
					"rotation": [-5, 0, 0]
				},
				{
					"name": "tip",
					"parent": "flop",
					"pivot": [0, 1.62863, 3.89171],
					"cubes": [
						{"origin": [-1, 0.75936, 3.89742], "size": [2, 2, 3], "pivot": [0, 1.75936, 3.89742], "rotation": [-5, 0, 0], "uv": [22, 17]}
					]
				},
				{
					"name": "FLleg",
					"parent": "head",
					"pivot": [2.03393, 1.39041, -2.51047],
					"cubes": [
						{"origin": [2, 0.8, -3.25], "size": [3, 2, 2], "pivot": [2, 1, -2.25], "rotation": [0, 10, 15], "uv": [4, 24]}
					]
				},
				{
					"name": "FRleg",
					"parent": "head",
					"pivot": [-2.03393, 1.39041, -2.51047],
					"cubes": [
						{"origin": [-5, 0.8, -3.25], "size": [3, 2, 2], "pivot": [-2, 1, -2.25], "rotation": [0, -10, -15], "uv": [4, 24]}
					]
				},
				{
					"name": "BLleg",
					"parent": "head",
					"pivot": [-2.03393, 1.39041, 0.51047],
					"cubes": [
						{"origin": [-5, 0.8, -0.75], "size": [3, 2, 2], "pivot": [-2, 1, 0.25], "rotation": [0, 10, -15], "uv": [4, 24]}
					]
				},
				{
					"name": "BRleg",
					"parent": "head",
					"pivot": [2.03393, 1.39041, 0.51047],
					"cubes": [
						{"origin": [2, 0.8, -0.75], "size": [3, 2, 2], "pivot": [2, 1, 0.25], "rotation": [0, -10, 15], "uv": [4, 24]}
					]
				}
			]
		}
	]
}