{
	"format_version": "1.8.0",
	"animations": {
		"animation.quintSlug.idle": {
			"loop": true,
			"animation_length": 2,
			"bones": {
				"middle": {
					"rotation": {
						"0.0": {
							"vector": [0, 5, 0]
						},
						"1.0": {
							"vector": [0, -5, 0]
						},
						"2.0": {
							"vector": [0, 5, 0],
							"easing": "linear"
						}
					}
				},
				"body": {
					"position": {
						"0.0": {
							"vector": [0, 0, 0]
						},
						"1.0": {
							"vector": [0, -0.25, 0]
						},
						"2.0": {
							"vector": [0, 0, 0]
						}
					}
				},
				"tip": {
					"rotation": {
						"0.0": {
							"vector": [0, 2.5, 0]
						},
						"1.0": {
							"vector": [0, -2.5, 0]
						},
						"2.0": {
							"vector": [0, 2.5, 0]
						}
					}
				}
			}
		},
		"animation.quintSlug.walk": {
			"loop": true,
			"animation_length": 2,
			"bones": {
				"FLleg": {
					"rotation": {
						"0.0": {
							"vector": [0, 0, 0]
						},
						"1.0": {
							"vector": [0, 5, 0]
						},
						"2.0": {
							"vector": [0, 0, 0]
						}
					}
				},
				"FRleg": {
					"rotation": {
						"0.0": {
							"vector": [0, 0, 0]
						},
						"1.0": {
							"vector": [0, -5, 0]
						},
						"2.0": {
							"vector": [0, 0, 0]
						}
					}
				},
				"BLleg": {
					"rotation": {
						"0.0": {
							"vector": [0, 0, 0]
						},
						"1.0": {
							"vector": [0, 5, 0]
						},
						"2.0": {
							"vector": [0, 0, 0]
						}
					}
				},
				"BRleg": {
					"rotation": {
						"0.0": {
							"vector": [0, 0, 0]
						},
						"1.0": {
							"vector": [0, -5, 0]
						},
						"2.0": {
							"vector": [0, 0, 0]
						}
					}
				}
			}
		},
		"animation.quintSlug.scramble": {
			"loop": true,
			"animation_length": 2,
			"bones": {
				"FLleg": {
					"rotation": {
						"0.0": {
							"vector": [0, 0, 0]
						},
						"0.5": {
							"vector": [0, 10, 0]
						},
						"1.0": {
							"vector": [0, 0, 0]
						},
						"1.5": {
							"vector": [0, 10, 0]
						},
						"2.0": {
							"vector": [0, 0, 0]
						}
					}
				},
				"FRleg": {
					"rotation": {
						"0.0": {
							"vector": [0, 0, 0]
						},
						"0.5": {
							"vector": [0, -10, 0]
						},
						"1.0": {
							"vector": [0, 0, 0]
						},
						"1.5": {
							"vector": [0, -10, 0]
						},
						"2.0": {
							"vector": [0, 0, 0]
						}
					}
				},
				"BLleg": {
					"rotation": {
						"0.0": {
							"vector": [0, 0, 0]
						},
						"0.5": {
							"vector": [0, 10, 0]
						},
						"1.0": {
							"vector": [0, 0, 0]
						},
						"1.5": {
							"vector": [0, 10, 0]
						},
						"2.0": {
							"vector": [0, 0, 0]
						}
					}
				},
				"BRleg": {
					"rotation": {
						"0.0": {
							"vector": [0, 0, 0]
						},
						"0.5": {
							"vector": [0, -10, 0]
						},
						"1.0": {
							"vector": [0, 0, 0]
						},
						"1.5": {
							"vector": [0, -10, 0]
						},
						"2.0": {
							"vector": [0, 0, 0]
						}
					}
				},
				"middle": {
					"rotation": {
						"0.0": {
							"vector": [0, 0, 0]
						},
						"0.5": {
							"vector": [0, -15, 0]
						},
						"1.0": {
							"vector": [0, 0, 0]
						},
						"1.5": {
							"vector": [0, 15, 0]
						},
						"2.0": {
							"vector": [0, 0, 0]
						}
					}
				}
			}
		}
	},
	"geckolib_format_version": 2
}